,precision,recall,f1-score,support
Damaged concrete structures,0.9909390444810544,0.9844517184942717,0.9876847290640394,1222.0
DamagedElectricalPoles,0.86,0.9176829268292683,0.887905604719764,328.0
DamagedRoadSigns,1.0,0.8974358974358975,0.9459459459459459,39.0
DeadAnimalsPollution,0.9333333333333333,0.875,0.9032258064516129,16.0
FallenTrees,0.9967170059093894,0.9301470588235294,0.9622820919175912,1632.0
Garbage,0.7208791208791209,0.973293768545994,0.8282828282828283,337.0
Graffitti,0.8620689655172413,0.9523809523809523,0.9049773755656109,210.0
IllegalParking,1.0,0.8571428571428571,0.9230769230769231,7.0
Potholes and RoadCracks,0.8242424242424242,0.7371273712737128,0.7782546494992847,369.0
accuracy,0.9319711538461538,0.9319711538461538,0.9319711538461538,0.9319711538461538
macro avg,0.9097977660402847,0.902740283436276,0.9024039949470668,4160.0
weighted avg,0.9395911539359721,0.9319711538461538,0.9333619524509209,4160.0
